{"cameraMode":{"drawMode":0,"name":"Shaded","section":"Shading Mode"},"sceneLighting":true,"audioPlay":false,"sceneViewState":{"m_AlwaysRefresh":false,"showFog":true,"showSkybox":true,"showFlares":true,"showImageEffects":true,"showParticleSystems":true,"showVisualEffectGraphs":true,"m_FxEnabled":true},"in2DMode":false,"pivot":{"x":6.30360221862793,"y":2.2555928230285646,"z":-17.128515243530275},"rotation":{"x":-0.049442291259765628,"y":0.0395362451672554,"z":-0.0019506355747580529,"w":-0.9980074763298035},"size":70.12230682373047,"orthographic":true}