{"cameraMode":{"drawMode":0,"name":"Shaded","section":"Shading Mode"},"sceneLighting":true,"audioPlay":false,"sceneViewState":{"m_AlwaysRefresh":false,"showFog":true,"showSkybox":true,"showFlares":true,"showImageEffects":true,"showParticleSystems":true,"showVisualEffectGraphs":true,"m_FxEnabled":true},"in2DMode":false,"pivot":{"x":-9.931563377380371,"y":18.67871856689453,"z":-38.42255401611328},"rotation":{"x":0.460446298122406,"y":-0.0026630593929439785,"z":0.0013813457917422057,"w":0.8876828551292419},"size":50.18788528442383,"orthographic":true}