{"cameraMode":{"drawMode":0,"name":"Shaded","section":"Shading Mode"},"sceneLighting":true,"audioPlay":false,"sceneViewState":{"m_AlwaysRefresh":false,"showFog":true,"showSkybox":true,"showFlares":true,"showImageEffects":true,"showParticleSystems":true,"showVisualEffectGraphs":true,"m_FxEnabled":true},"in2DMode":false,"pivot":{"x":7.689741134643555,"y":2.7245068550109865,"z":-20.74028778076172},"rotation":{"x":0.460446298122406,"y":-0.0026630593929439785,"z":0.0013813457917422057,"w":0.8876828551292419},"size":59.100677490234378,"orthographic":true}