{"cameraMode":{"drawMode":0,"name":"Shaded","section":"Shading Mode"},"sceneLighting":true,"audioPlay":false,"sceneViewState":{"m_AlwaysRefresh":false,"showFog":true,"showSkybox":true,"showFlares":true,"showImageEffects":true,"showParticleSystems":true,"showVisualEffectGraphs":true,"m_FxEnabled":true},"in2DMode":false,"pivot":{"x":455.32989501953127,"y":231.8184814453125,"z":159.3237762451172},"rotation":{"x":-0.022255675867199899,"y":0.14702416956424714,"z":-0.0032972178887575866,"w":-0.9888929724693298},"size":331.57879638671877,"orthographic":true}