{"cameraMode":{"drawMode":0,"name":"Shaded","section":"Shading Mode"},"sceneLighting":true,"audioPlay":false,"sceneViewState":{"m_AlwaysRefresh":false,"showFog":true,"showSkybox":true,"showFlares":true,"showImageEffects":true,"showParticleSystems":true,"showVisualEffectGraphs":true,"m_FxEnabled":true},"in2DMode":false,"pivot":{"x":387.512939453125,"y":240.8025665283203,"z":-28.330305099487306},"rotation":{"x":-0.008997839875519276,"y":-0.021903976798057557,"z":0.00020843793754465878,"w":-0.9997321963310242},"size":307.5062255859375,"orthographic":true}